caseid,age,gender,doctorid,department,amount,visits
1,50,0,D010,Neurology,6327,4
2,56,1,D010,Pediatrics,3874,1
3,84,1,D009,Neurology,2081,1
4,86,0,D005,Pediatrics,8935,8
5,52,1,D003,Pediatrics,9722,2
6,62,1,D010,Pediatrics,5549,1
7,39,0,D004,Pediatrics,3727,6
8,84,1,D001,Cardiology,3883,9
9,76,1,D005,Pediatrics,7262,7
10,31,0,D007,Pediatrics,3079,5
11,71,1,D008,Neurology,8073,6
12,38,0,D007,Neurology,4077,9
13,78,0,D003,Oncology,6542,3
14,71,1,D001,Neurology,2733,7
15,84,0,D008,Neurology,9770,2
16,46,0,D003,Cardiology,9317,7
17,27,1,D006,Neurology,7941,5
18,23,0,D001,Oncology,842,2
19,77,1,D002,Cardiology,1691,4
20,88,1,D006,Cardiology,7657,8
21,88,0,D006,Oncology,4903,9
22,75,0,D004,Neurology,3367,7
23,24,1,D009,Pediatrics,9423,4
24,84,0,D006,Neurology,8232,8
25,83,1,D010,Neurology,2310,7
26,77,1,D006,Pediatrics,1085,2
27,32,1,D008,Cardiology,7646,8
28,76,1,D005,Oncology,6808,8
29,73,1,D007,Neurology,5481,4
30,41,1,D005,Cardiology,6143,5
31,28,0,D009,Neurology,5195,9
32,22,1,D007,Pediatrics,9485,4
33,60,0,D003,Neurology,320,8
34,35,1,D010,Oncology,9567,5
35,46,0,D007,Pediatrics,2001,4
36,49,1,D004,Oncology,5800,1
37,88,1,D007,Pediatrics,8845,3
38,76,0,D007,Pediatrics,4094,8
39,20,0,D005,Pediatrics,5326,5
40,73,1,D009,Oncology,7592,1
41,19,0,D007,Cardiology,413,3
42,89,1,D008,Neurology,7452,7
43,52,1,D006,Pediatrics,7337,9
44,74,1,D008,Cardiology,6503,6
45,34,0,D003,Pediatrics,2342,3
46,70,1,D002,Neurology,2920,2
47,44,1,D008,Oncology,5854,6
48,75,0,D006,Neurology,6388,3
49,89,0,D009,Pediatrics,4672,5
50,27,0,D009,Oncology,6884,8
51,28,0,D001,Oncology,747,3
52,86,1,D002,Neurology,1131,3
53,21,1,D003,Oncology,1613,9
54,89,0,D005,Pediatrics,1297,5
55,64,1,D010,Neurology,1569,2
56,66,1,D001,Pediatrics,8558,9
57,19,1,D006,Oncology,5559,4
58,42,0,D004,Pediatrics,7565,5
59,86,0,D001,Cardiology,2183,6
60,60,1,D006,Cardiology,6642,2
61,28,1,D004,Cardiology,4079,1
62,89,1,D001,Oncology,2960,1
63,47,0,D009,Cardiology,8607,4
64,46,1,D010,Cardiology,9070,2
65,41,0,D008,Cardiology,5015,3
66,66,1,D006,Oncology,7224,1
67,62,0,D001,Pediatrics,1731,2
68,23,0,D007,Oncology,1910,4
69,83,1,D004,Oncology,2620,5
70,67,0,D008,Neurology,6815,4
71,66,1,D004,Neurology,8974,9
72,70,0,D010,Oncology,5934,2
73,35,0,D009,Cardiology,4113,5
74,36,0,D009,Cardiology,1602,3
75,56,1,D005,Neurology,4361,3
76,69,0,D010,Cardiology,7448,6
77,61,1,D005,Oncology,5395,4
78,41,0,D009,Neurology,5741,7
79,74,0,D005,Neurology,6534,4
80,72,1,D005,Oncology,6095,2
81,47,0,D009,Oncology,8181,2
82,72,1,D009,Oncology,4539,9
83,22,1,D010,Cardiology,3463,9
84,58,1,D010,Cardiology,5211,8
85,22,1,D006,Pediatrics,9472,5
86,85,1,D003,Oncology,7003,8
87,41,1,D004,Pediatrics,3833,7
88,60,0,D007,Pediatrics,7105,1
89,84,0,D009,Oncology,2640,3
90,83,1,D008,Neurology,3993,3
91,55,1,D006,Neurology,6185,3
92,19,0,D009,Oncology,4787,1
93,34,0,D008,Pediatrics,3533,1
94,88,0,D008,Oncology,140,3
95,43,0,D005,Pediatrics,9288,8
96,37,1,D003,Neurology,3995,2
97,78,1,D009,Oncology,469,3
98,33,1,D006,Pediatrics,5003,6
99,31,1,D006,Cardiology,9242,4
100,44,1,D010,Oncology,2858,4
